Timestamp,Actual Position,Target Position,IMU Data
1732127763.8240962,"[-1443, -1443]",[],0
1732127764.3502655,"[-1443, -1443]",[],0
1732127764.352404,"[-1443, -1443]",[9000],0
1732127764.3610163,"[-1443, -1443]",[9000],0
1732127764.3680406,"[-1443, -1443]",[9000],0
1732127764.3689613,"[-1443, -1443]",[9000],0
1732127764.3777099,"[-1443, -1442]",[9000],0
1732127764.3777099,"[-1443, -1443]",[9000],0
1732127764.3851163,"[-1443, -1443]",[9000],0
1732127764.3851163,"[-1443, -1443]",[9000],0
1732127764.3935692,"[-1443, -1442]",[9000],0
1732127764.3935692,"[-1443, -1443]",[9000],0
1732127764.4428513,"[-1443, -1443]",[9000],0
1732127764.4428513,"[-1443, -1443]",[9000],0
1732127764.4504712,"[-1443, -1443]",[9000],0
1732127764.458553,"[-1443, -1443]",[9000],0
1732127764.458553,"[-1443, -1443]",[9000],0
1732127764.4671926,"[-1443, -1443]",[9000],0
1732127764.4711442,"[-1443, -1443]",[9000],0
1732127764.4750104,"[-1443, -1443]",[9000],0
1732127764.4834337,"[-1443, -1443]",[9000],0
1732127764.4850075,"[-1443, -1443]",[9000],0
1732127764.4917662,"[-1443, -1443]",[9000],0
1732127764.4917662,"[-1443, -1443]",[9000],0
1732127764.4992828,"[-1443, -1443]",[9000],0
1732127764.5045617,"[-1443, -1443]",[9000],0
1732127764.5077913,"[-1443, -1443]",[9000],0
1732127764.5077913,"[-1443, -1443]",[9000],0
1732127764.51673,"[-1443, -1443]",[9000],0
1732127764.51673,"[-1443, -1443]",[9000],0
1732127764.5245368,"[-1443, -1443]",[9000],0
1732127764.526429,"[-1443, -1443]",[9000],0
1732127764.533424,"[-1443, -1443]",[9000],0
1732127764.5355067,"[-1443, -1443]",[9000],0
1732127764.540872,"[-1443, -1443]",[9000],0
1732127764.540872,"[-1443, -1443]",[9000],0
1732127764.5506086,"[-1443, -1442]",[9000],0
1732127764.5506086,"[-1443, -1443]",[9000],0
1732127764.5573483,"[-1443, -1443]",[9000],0
1732127764.5573483,"[-1443, -1443]",[9000],0
1732127764.5657213,"[-1443, -1443]",[9000],0
1732127764.5657213,"[-1443, -1443]",[9000],0
1732127764.574063,"[-1443, -1443]",[9000],0
1732127764.574063,"[-1443, -1443]",[9000],0
1732127764.582284,"[-1443, -1442]",[9000],0
1732127764.58313,"[-1443, -1443]",[9000],0
1732127764.58313,"[-1443, -1443]",[9000],0
1732127764.5920134,"[-1443, -1442]",[9000],0
1732127764.5920134,"[-1443, -1443]",[9000],0
1732127764.5997252,"[-1443, -1443]",[9000],0
1732127764.5997252,"[-1443, -1443]",[9000],0
1732127764.6077135,"[-1443, -1443]",[9000],0
1732127764.6077135,"[-1443, -1442]",[9000],0
1732127764.6168785,"[-1443, -1443]",[9000],0
1732127764.6168785,"[-1443, -1443]",[9000],0
1732127764.6258857,"[-1443, -1443]",[9000],0
1732127764.6258857,"[-1443, -1443]",[9000],0
1732127764.6325626,"[-1443, -1442]",[9000],0
1732127764.6325626,"[-1443, -1443]",[9000],0
1732127764.640913,"[-1443, -1443]",[9000],0
1732127764.640913,"[-1443, -1443]",[9000],0
1732127764.6489222,"[-1443, -1443]",[9000],0
1732127764.6512392,"[-1443, -1443]",[9000],0
1732127764.6573827,"[-1443, -1443]",[9000],0
1732127764.6573827,"[-1443, -1443]",[9000],0
1732127764.6654193,"[-1443, -1443]",[9000],0
1732127764.6654193,"[-1443, -1443]",[9000],0
1732127764.6737905,"[-1443, -1443]",[9000],0
1732127764.6737905,"[-1443, -1443]",[9000],0
1732127764.6817982,"[-1443, -1443]",[9000],0
1732127764.6817982,"[-1443, -1443]",[9000],0
1732127764.6899374,"[-1443, -1443]",[9000],0
1732127764.6899374,"[-1443, -1443]",[9000],0
1732127764.6980565,"[-1443, -1442]",[9000],0
1732127764.6980565,"[-1443, -1443]",[9000],0
1732127764.7060797,"[-1443, -1443]",[9000],0
1732127764.7079222,"[-1443, -1442]",[9000],0
1732127764.7145116,"[-1443, -1443]",[9000],0
1732127764.7145116,"[-1443, -1443]",[9000],0
1732127764.7226608,"[-1443, -1443]",[9000],0
1732127764.7226608,"[-1443, -1443]",[9000],0
1732127764.7226608,"[-1443, -1443]",[9000],0
1732127764.7308416,"[-1443, -1443]",[9000],0
1732127764.7308416,"[-1443, -1443]",[9000],0
1732127764.7388985,"[-1443, -1443]",[9000],0
1732127764.7471437,"[-1443, -1443]",[9000],0
1732127764.7512484,"[-1443, -1443]",[9000],0
1732127764.7556484,"[-1443, -1443]",[9000],0
1732127764.7556484,"[-1443, -1443]",[9000],0
1732127764.764397,"[-1443, -1443]",[9000],0
1732127764.764397,"[-1443, -1443]",[9000],0
1732127764.7720926,"[-1443, -1443]",[9000],0
1732127764.7720926,"[-1443, -1443]",[9000],0
1732127764.780932,"[-1443, -1443]",[9000],0
1732127764.7885497,"[-1443, -1443]",[9000],0
1732127764.7885497,"[-1443, -1443]",[9000],0
1732127764.7978194,"[-1443, -1443]",[9000],0
1732127764.8048306,"[-1443, -1443]",[9000],0
1732127764.8048306,"[-1443, -1443]",[9000],0
1732127764.8129427,"[-1443, -1443]",[9000],0
1732127764.8129427,"[-1443, -1442]",[9000],0
1732127764.821084,"[-1443, -1443]",[9000],0
1732127764.8308206,"[-1443, -1443]",[9000],0
1732127764.8308206,"[-1443, -1443]",[9000],0
1732127764.8373349,"[-1443, -1443]",[9000],0
1732127764.845377,"[-1443, -1443]",[9000],0
1732127764.8514848,"[-1443, -1443]",[9000],0
1732127764.854641,"[-1443, -1443]",[9000],0
1732127765.381426,"[-1443, -1443]",[9000],0
1732127765.9053793,"[-1443, -1443]",[9000],0
1732127765.9131637,"[-1443, -1443]",[-9000],0
1732127765.922376,"[-1443, -1443]",[-9000],0
1732127765.9293861,"[-1443, -1443]",[-9000],0
1732127765.9293861,"[-1443, -1443]",[-9000],0
1732127765.938156,"[-1443, -1443]",[-9000],0
1732127765.948366,"[-1443, -1443]",[-9000],0
1732127765.9542358,"[-1443, -1443]",[-9000],0
1732127765.9555821,"[-1443, -1443]",[-9000],0
1732127765.9620223,"[-1443, -1443]",[-9000],0
1732127765.9727128,"[-1443, -1442]",[-9000],0
1732127765.9787254,"[-1443, -1443]",[-9000],0
1732127765.9799216,"[-1443, -1443]",[-9000],0
1732127765.9869356,"[-1443, -1443]",[-9000],0
1732127765.9960155,"[-1443, -1443]",[-9000],0
1732127765.9960155,"[-1443, -1443]",[-9000],0
1732127766.0036206,"[-1443, -1443]",[-9000],0
1732127766.0117192,"[-1443, -1443]",[-9000],0
1732127766.020463,"[-1443, -1443]",[-9000],0
1732127766.023685,"[-1443, -1443]",[-9000],0
1732127766.029995,"[-1443, -1443]",[-9000],0
1732127766.0376177,"[-1443, -1443]",[-9000],0
1732127766.0376177,"[-1443, -1443]",[-9000],0
1732127766.0459254,"[-1443, -1442]",[-9000],0
1732127766.054754,"[-1443, -1443]",[-9000],0
1732127766.061919,"[-1443, -1443]",[-9000],0
1732127766.0624454,"[-1443, -1443]",[-9000],0
1732127766.0699553,"[-1443, -1443]",[-9000],0
1732127766.0699553,"[-1443, -1443]",[-9000],0
1732127766.0779657,"[-1443, -1443]",[-9000],0
1732127766.0779657,"[-1443, -1443]",[-9000],0
1732127766.0860207,"[-1443, -1443]",[-9000],0
1732127766.0940132,"[-1443, -1443]",[-9000],0
1732127766.0940132,"[-1443, -1443]",[-9000],0
1732127766.1021705,"[-1443, -1443]",[-9000],0
1732127766.1105843,"[-1443, -1443]",[-9000],0
1732127766.1125445,"[-1443, -1443]",[-9000],0
1732127766.1185746,"[-1443, -1443]",[-9000],0
1732127766.1185746,"[-1443, -1443]",[-9000],0
1732127766.1269195,"[-1443, -1443]",[-9000],0
1732127766.1322556,"[-1443, -1443]",[-9000],0
1732127766.1351798,"[-1443, -1443]",[-9000],0
1732127766.1351798,"[-1443, -1443]",[-9000],0
1732127766.1436257,"[-1443, -1443]",[-9000],0
1732127766.1517124,"[-1443, -1443]",[-9000],0
1732127766.1535902,"[-1443, -1443]",[-9000],0
1732127766.163304,"[-1443, -1443]",[-9000],0
1732127766.1683328,"[-1443, -1443]",[-9000],0
1732127766.1683328,"[-1443, -1443]",[-9000],0
1732127766.176897,"[-1443, -1442]",[-9000],0
1732127766.1848974,"[-1443, -1443]",[-9000],0
1732127766.1852982,"[-1443, -1443]",[-9000],0
1732127766.193844,"[-1443, -1443]",[-9000],0
1732127766.2018518,"[-1443, -1442]",[-9000],0
1732127766.2022781,"[-1443, -1443]",[-9000],0
1732127766.2112393,"[-1443, -1443]",[-9000],0
1732127766.2187498,"[-1443, -1443]",[-9000],0
1732127766.2187498,"[-1443, -1443]",[-9000],0
1732127766.227288,"[-1443, -1443]",[-9000],0
1732127766.227288,"[-1443, -1443]",[-9000],0
1732127766.2353039,"[-1443, -1443]",[-9000],0
1732127766.2353039,"[-1443, -1443]",[-9000],0
1732127766.243354,"[-1443, -1443]",[-9000],0
1732127766.2539463,"[-1443, -1443]",[-9000],0
1732127766.2547672,"[-1443, -1442]",[-9000],0
1732127766.265477,"[-1443, -1443]",[-9000],0
1732127766.2683215,"[-1443, -1443]",[-9000],0
1732127766.2761302,"[-1443, -1443]",[-9000],0
1732127766.2765243,"[-1443, -1443]",[-9000],0
1732127766.2847602,"[-1443, -1443]",[-9000],0
1732127766.2928634,"[-1443, -1443]",[-9000],0
1732127766.2928634,"[-1443, -1443]",[-9000],0
1732127766.3007631,"[-1443, -1443]",[-9000],0
1732127766.3088534,"[-1443, -1443]",[-9000],0
1732127766.3088534,"[-1443, -1443]",[-9000],0
1732127766.3173187,"[-1443, -1443]",[-9000],0
1732127766.3254347,"[-1443, -1443]",[-9000],0
1732127766.3338678,"[-1443, -1443]",[-9000],0
1732127766.3338678,"[-1443, -1443]",[-9000],0
1732127766.3420088,"[-1443, -1443]",[-9000],0
1732127766.3500025,"[-1443, -1443]",[-9000],0
1732127766.3546424,"[-1443, -1443]",[-9000],0
1732127766.357409,"[-1443, -1443]",[-9000],0
1732127766.3655543,"[-1443, -1443]",[-9000],0
1732127766.366007,"[-1443, -1443]",[-9000],0
1732127766.3740482,"[-1443, -1443]",[-9000],0
1732127766.3827605,"[-1443, -1443]",[-9000],0
1732127766.3827605,"[-1443, -1443]",[-9000],0
1732127766.3905754,"[-1443, -1443]",[-9000],0
1732127766.3905754,"[-1443, -1443]",[-9000],0
1732127766.3993604,"[-1443, -1443]",[-9000],0
1732127766.407462,"[-1443, -1443]",[-9000],0
1732127766.407462,"[-1443, -1443]",[-9000],0
1732127766.4173224,"[-1443, -1443]",[-9000],0
1732127766.9447417,"[-1443, -1443]",[-9000],0
1732127767.4719286,"[-1443, -1443]",[-9000],0
1732127767.4802692,"[-1443, -1443]",[9000],0
1732127767.4883187,"[-1443, -1443]",[9000],0
1732127767.4883187,"[-1443, -1443]",[9000],0
1732127767.4962764,"[-1443, -1443]",[9000],0
1732127767.4962764,"[-1443, -1443]",[9000],0
1732127767.5050323,"[-1443, -1443]",[9000],0
1732127767.5125573,"[-1443, -1442]",[9000],0
1732127767.5125573,"[-1443, -1443]",[9000],0
1732127767.5205684,"[-1443, -1443]",[9000],0
1732127767.5205684,"[-1443, -1443]",[9000],0
1732127767.5285685,"[-1443, -1443]",[9000],0
1732127767.5285685,"[-1443, -1443]",[9000],0
1732127767.5365672,"[-1443, -1443]",[9000],0
1732127767.5434837,"[-1443, -1443]",[9000],0
1732127767.5461178,"[-1443, -1443]",[9000],0
1732127767.5461178,"[-1443, -1443]",[9000],0
1732127767.5564094,"[-1443, -1443]",[9000],0
1732127767.5564094,"[-1443, -1443]",[9000],0
1732127767.5622506,"[-1443, -1443]",[9000],0
1732127767.5622506,"[-1443, -1443]",[9000],0
1732127767.570262,"[-1443, -1443]",[9000],0
1732127767.570262,"[-1443, -1443]",[9000],0
1732127767.578257,"[-1443, -1443]",[9000],0
1732127767.578257,"[-1443, -1443]",[9000],0
1732127767.589503,"[-1443, -1443]",[9000],0
1732127767.589503,"[-1443, -1443]",[9000],0
1732127767.5945158,"[-1443, -1443]",[9000],0
1732127767.5945158,"[-1443, -1443]",[9000],0
1732127767.6051815,"[-1443, -1443]",[9000],0
1732127767.6051815,"[-1443, -1443]",[9000],0
1732127767.6110382,"[-1443, -1443]",[9000],0
1732127767.6110382,"[-1443, -1443]",[9000],0
1732127767.6215725,"[-1443, -1443]",[9000],0
1732127767.6256962,"[-1443, -1443]",[9000],0
1732127767.6275816,"[-1443, -1443]",[9000],0
1732127767.6275816,"[-1443, -1443]",[9000],0
1732127767.6359456,"[-1443, -1443]",[9000],0
1732127767.6359456,"[-1443, -1443]",[9000],0
1732127767.6442986,"[-1443, -1443]",[9000],0
1732127767.6442986,"[-1443, -1443]",[9000],0
1732127767.652819,"[-1443, -1443]",[9000],0
1732127767.6563342,"[-1443, -1443]",[9000],0
1732127767.6606603,"[-1443, -1443]",[9000],0
1732127767.6606603,"[-1443, -1443]",[9000],0
1732127767.668667,"[-1443, -1443]",[9000],0
1732127767.668667,"[-1443, -1443]",[9000],0
1732127767.6771228,"[-1443, -1443]",[9000],0
1732127767.6771228,"[-1443, -1443]",[9000],0
1732127767.685842,"[-1443, -1443]",[9000],0
1732127767.685842,"[-1443, -1443]",[9000],0
1732127767.69381,"[-1443, -1442]",[9000],0
1732127767.701763,"[-1443, -1443]",[9000],0
1732127767.7028215,"[-1443, -1443]",[9000],0
1732127767.7099879,"[-1443, -1443]",[9000],0
1732127767.7099879,"[-1443, -1443]",[9000],0
1732127767.7179918,"[-1443, -1443]",[9000],0
1732127767.7266335,"[-1443, -1443]",[9000],0
1732127767.7266335,"[-1443, -1443]",[9000],0
1732127767.7344205,"[-1443, -1443]",[9000],0
1732127767.7344205,"[-1443, -1443]",[9000],0
1732127767.7424908,"[-1443, -1443]",[9000],0
1732127767.7424908,"[-1443, -1443]",[9000],0
1732127767.7511134,"[-1443, -1443]",[9000],0
1732127767.756393,"[-1443, -1443]",[9000],0
1732127767.7589016,"[-1443, -1443]",[9000],0
1732127767.7589016,"[-1443, -1443]",[9000],0
1732127767.766909,"[-1443, -1443]",[9000],0
1732127767.766909,"[-1443, -1443]",[9000],0
1732127767.7757676,"[-1443, -1443]",[9000],0
1732127767.7757676,"[-1443, -1443]",[9000],0
1732127767.7832763,"[-1443, -1443]",[9000],0
1732127767.7832763,"[-1443, -1443]",[9000],0
1732127767.7915146,"[-1443, -1443]",[9000],0
1732127767.7915146,"[-1443, -1443]",[9000],0
1732127767.7995167,"[-1443, -1443]",[9000],0
1732127767.7995167,"[-1443, -1443]",[9000],0
1732127767.8075178,"[-1443, -1443]",[9000],0
1732127767.8075178,"[-1443, -1443]",[9000],0
1732127767.8158503,"[-1443, -1443]",[9000],0
1732127767.8158503,"[-1443, -1442]",[9000],0
1732127767.8257456,"[-1443, -1443]",[9000],0
1732127767.8639114,"[-1443, -1442]",[9000],0
1732127767.8639114,"[-1443, -1443]",[9000],0
1732127767.8713336,"[-1443, -1443]",[9000],0
1732127767.8713336,"[-1443, -1443]",[9000],0
1732127767.8800378,"[-1443, -1443]",[9000],0
1732127767.8800378,"[-1443, -1443]",[9000],0
1732127767.887559,"[-1443, -1443]",[9000],0
1732127767.887559,"[-1443, -1443]",[9000],0
1732127767.8963196,"[-1443, -1443]",[9000],0
1732127767.8963196,"[-1443, -1443]",[9000],0
1732127767.9042585,"[-1443, -1443]",[9000],0
1732127767.9042585,"[-1443, -1443]",[9000],0
1732127767.9132698,"[-1443, -1443]",[9000],0
1732127767.9132698,"[-1443, -1443]",[9000],0
1732127767.9202993,"[-1443, -1443]",[9000],0
1732127767.9202993,"[-1443, -1443]",[9000],0
1732127767.9299083,"[-1443, -1443]",[9000],0
1732127767.9364321,"[-1443, -1443]",[9000],0
1732127767.9364321,"[-1443, -1443]",[9000],0
1732127767.9444406,"[-1443, -1443]",[9000],0
1732127767.9465873,"[-1443, -1443]",[9000],0
1732127767.952731,"[-1443, -1443]",[9000],0
1732127767.952731,"[-1443, -1443]",[9000],0
1732127767.9607546,"[-1443, -1443]",[9000],0
1732127767.963715,"[-1443, -1443]",[9000],0
1732127767.9699018,"[-1443, -1442]",[9000],0
1732127767.9699018,"[-1443, -1443]",[9000],0
1732127767.9779131,"[-1443, -1443]",[9000],0
1732127767.9864137,"[-1443, -1443]",[9000],0
1732127768.5073118,"[-1443, -1443]",[9000],0
1732127769.0317254,"[-1443, -1443]",[9000],0
1732127769.0396137,"[-1443, -1443]",[-9000],0
1732127769.0483832,"[-1443, -1443]",[-9000],0
1732127769.0483832,"[-1443, -1443]",[-9000],0
1732127769.0559018,"[-1443, -1443]",[-9000],0
1732127769.0589206,"[-1443, -1443]",[-9000],0
1732127769.06393,"[-1443, -1443]",[-9000],0
1732127769.0719855,"[-1443, -1443]",[-9000],0
1732127769.0719855,"[-1443, -1443]",[-9000],0
1732127769.0806713,"[-1443, -1443]",[-9000],0
1732127769.0806713,"[-1443, -1443]",[-9000],0
1732127769.0881844,"[-1443, -1443]",[-9000],0
1732127769.0881844,"[-1443, -1443]",[-9000],0
1732127769.0962055,"[-1443, -1443]",[-9000],0
1732127769.0962055,"[-1443, -1443]",[-9000],0
1732127769.1043875,"[-1443, -1443]",[-9000],0
1732127769.1043875,"[-1443, -1443]",[-9000],0
1732127769.1043875,"[-1443, -1443]",[-9000],0
1732127769.1043875,"[-1443, -1443]",[-9000],0
1732127769.1200097,"[-1443, -1442]",[-9000],0
1732127769.1233292,"[-1443, -1443]",[-9000],0
1732127769.1283393,"[-1443, -1443]",[-9000],0
1732127769.1283393,"[-1443, -1443]",[-9000],0
1732127769.1370077,"[-1443, -1443]",[-9000],0
1732127769.1370077,"[-1443, -1443]",[-9000],0
1732127769.1445165,"[-1443, -1442]",[-9000],0
1732127769.1445165,"[-1443, -1443]",[-9000],0
1732127769.153279,"[-1443, -1443]",[-9000],0
1732127769.1593006,"[-1443, -1443]",[-9000],0
1732127769.1613898,"[-1443, -1443]",[-9000],0
1732127769.1613898,"[-1443, -1443]",[-9000],0
1732127769.1698284,"[-1443, -1443]",[-9000],0
1732127769.1698284,"[-1443, -1443]",[-9000],0
1732127769.1778307,"[-1443, -1443]",[-9000],0
1732127769.1778307,"[-1443, -1443]",[-9000],0
1732127769.1861422,"[-1443, -1442]",[-9000],0
1732127769.1861422,"[-1443, -1443]",[-9000],0
1732127769.1975389,"[-1443, -1443]",[-9000],0
1732127769.2302227,"[-1443, -1443]",[-9000],0
1732127769.235235,"[-1443, -1443]",[-9000],0
1732127769.2434676,"[-1443, -1443]",[-9000],0
1732127769.2448006,"[-1443, -1443]",[-9000],0
1732127769.2518547,"[-1443, -1443]",[-9000],0
1732127769.2594845,"[-1443, -1443]",[-9000],0
1732127769.2600176,"[-1443, -1443]",[-9000],0
1732127769.2675803,"[-1443, -1443]",[-9000],0
1732127769.2675803,"[-1443, -1443]",[-9000],0
1732127769.2792642,"[-1443, -1443]",[-9000],0
1732127769.2842731,"[-1443, -1442]",[-9000],0
1732127769.2849703,"[-1443, -1443]",[-9000],0
1732127769.2929783,"[-1443, -1443]",[-9000],0
1732127769.2929783,"[-1443, -1443]",[-9000],0
1732127769.300978,"[-1443, -1443]",[-9000],0
1732127769.300978,"[-1443, -1443]",[-9000],0
1732127769.3097851,"[-1443, -1443]",[-9000],0
1732127769.3173056,"[-1443, -1443]",[-9000],0
1732127769.3173056,"[-1443, -1443]",[-9000],0
1732127769.3257477,"[-1443, -1443]",[-9000],0
1732127769.3257477,"[-1443, -1443]",[-9000],0
1732127769.3337507,"[-1443, -1443]",[-9000],0
1732127769.3337507,"[-1443, -1443]",[-9000],0
1732127769.3423746,"[-1443, -1443]",[-9000],0
1732127769.3423746,"[-1443, -1443]",[-9000],0
1732127769.3516974,"[-1443, -1443]",[-9000],0
1732127769.3549614,"[-1443, -1443]",[-9000],0
1732127769.358232,"[-1443, -1443]",[-9000],0
1732127769.3629518,"[-1443, -1443]",[-9000],0
1732127769.3672934,"[-1443, -1443]",[-9000],0
1732127769.371665,"[-1443, -1443]",[-9000],0
1732127769.3753684,"[-1443, -1442]",[-9000],0
1732127769.3796427,"[-1443, -1442]",[-9000],0
1732127769.3829706,"[-1443, -1443]",[-9000],0
1732127769.3829706,"[-1443, -1443]",[-9000],0
1732127769.3915935,"[-1443, -1443]",[-9000],0
1732127769.3935118,"[-1443, -1443]",[-9000],0
1732127769.3970203,"[-1443, -1442]",[-9000],0
1732127769.3970203,"[-1443, -1443]",[-9000],0
1732127769.4057822,"[-1443, -1443]",[-9000],0
1732127769.4057822,"[-1443, -1443]",[-9000],0
1732127769.4132967,"[-1443, -1443]",[-9000],0
1732127769.4132967,"[-1443, -1443]",[-9000],0
1732127769.4217477,"[-1443, -1443]",[-9000],0
1732127769.429753,"[-1443, -1443]",[-9000],0
1732127769.429753,"[-1443, -1443]",[-9000],0
1732127769.437809,"[-1443, -1443]",[-9000],0
1732127769.437809,"[-1443, -1443]",[-9000],0
1732127769.4461143,"[-1443, -1443]",[-9000],0
1732127769.4461143,"[-1443, -1443]",[-9000],0
1732127769.454891,"[-1443, -1443]",[-9000],0
1732127769.454891,"[-1443, -1443]",[-9000],0
1732127769.4629207,"[-1443, -1443]",[-9000],0
1732127769.4629207,"[-1443, -1443]",[-9000],0
1732127769.4713132,"[-1443, -1443]",[-9000],0
1732127769.4713132,"[-1443, -1443]",[-9000],0
1732127769.479313,"[-1443, -1443]",[-9000],0
1732127769.4882584,"[-1443, -1443]",[-9000],0
1732127769.4882584,"[-1443, -1443]",[-9000],0
1732127769.4962611,"[-1443, -1442]",[-9000],0
1732127769.4962611,"[-1443, -1443]",[-9000],0
1732127769.5048769,"[-1443, -1443]",[-9000],0
1732127769.5048769,"[-1443, -1443]",[-9000],0
1732127769.5128796,"[-1443, -1443]",[-9000],0
1732127769.5128796,"[-1443, -1443]",[-9000],0
1732127769.5212786,"[-1443, -1443]",[-9000],0
1732127769.5212786,"[-1443, -1443]",[-9000],0
1732127769.5292807,"[-1443, -1443]",[-9000],0
1732127769.5292807,"[-1443, -1443]",[-9000],0
1732127769.5375104,"[-1443, -1443]",[-9000],0
1732127769.54102,"[-1443, -1443]",[-9000],0
1732127770.0609887,"[-1443, -1443]",[-9000],0
1732127770.5905826,"[-1443, -1443]",[-9000],0
1732127770.5940905,"[-1443, -1443]",[9000],0
1732127770.6031063,"[-1443, -1443]",[9000],0
1732127770.6031063,"[-1443, -1443]",[9000],0
1732127770.6101143,"[-1443, -1443]",[9000],0
1732127770.6101143,"[-1443, -1443]",[9000],0
1732127770.6181204,"[-1443, -1443]",[9000],0
1732127770.6181204,"[-1443, -1443]",[9000],0
1732127770.6264627,"[-1443, -1443]",[9000],0
1732127770.6264627,"[-1443, -1443]",[9000],0
1732127770.6350276,"[-1443, -1443]",[9000],0
1732127770.6350276,"[-1443, -1443]",[9000],0
1732127770.643032,"[-1443, -1443]",[9000],0
1732127770.643032,"[-1443, -1443]",[9000],0
1732127770.6514635,"[-1443, -1443]",[9000],0
1732127770.6514635,"[-1443, -1443]",[9000],0
1732127770.6609726,"[-1443, -1443]",[9000],0
1732127770.6609726,"[-1443, -1443]",[9000],0
1732127770.6674802,"[-1443, -1443]",[9000],0
1732127770.6674802,"[-1443, -1443]",[9000],0
1732127770.6756392,"[-1443, -1443]",[9000],0
1732127770.6756392,"[-1443, -1443]",[9000],0
1732127770.6844692,"[-1443, -1443]",[9000],0
1732127770.692045,"[-1443, -1443]",[9000],0
1732127770.6934702,"[-1443, -1443]",[9000],0
1732127770.7004943,"[-1443, -1443]",[9000],0
1732127770.7004943,"[-1443, -1443]",[9000],0
1732127770.708743,"[-1443, -1443]",[9000],0
1732127770.708743,"[-1443, -1443]",[9000],0
1732127770.7172678,"[-1443, -1443]",[9000],0
1732127770.7172678,"[-1443, -1443]",[9000],0
1732127770.7255032,"[-1443, -1443]",[9000],0
1732127770.7255032,"[-1443, -1442]",[9000],0
1732127770.73381,"[-1443, -1443]",[9000],0
1732127770.73381,"[-1443, -1443]",[9000],0
1732127770.7419097,"[-1443, -1443]",[9000],0
1732127770.7419097,"[-1443, -1443]",[9000],0
1732127770.7501905,"[-1443, -1443]",[9000],0
1732127770.7501905,"[-1443, -1443]",[9000],0
1732127770.7612197,"[-1443, -1443]",[9000],0
1732127770.7612197,"[-1443, -1443]",[9000],0
1732127770.7671487,"[-1443, -1443]",[9000],0
1732127770.7760575,"[-1443, -1443]",[9000],0
1732127770.7760575,"[-1443, -1443]",[9000],0
1732127770.7838032,"[-1443, -1443]",[9000],0
1732127770.7838032,"[-1443, -1443]",[9000],0
1732127770.7937152,"[-1443, -1443]",[9000],0
1732127770.7954473,"[-1443, -1443]",[9000],0
1732127770.7999575,"[-1443, -1443]",[9000],0
1732127770.7999575,"[-1443, -1443]",[9000],0
1732127770.8079681,"[-1443, -1443]",[9000],0
1732127770.8079681,"[-1443, -1443]",[9000],0
1732127770.8166213,"[-1443, -1442]",[9000],0
1732127770.8241382,"[-1443, -1443]",[9000],0
1732127770.8321524,"[-1443, -1443]",[9000],0
1732127770.8329978,"[-1443, -1443]",[9000],0
1732127770.8410754,"[-1443, -1443]",[9000],0
1732127770.8410754,"[-1443, -1443]",[9000],0
1732127770.8486693,"[-1443, -1443]",[9000],0
1732127770.8486693,"[-1443, -1443]",[9000],0
1732127770.8567817,"[-1443, -1443]",[9000],0
1732127770.861295,"[-1443, -1443]",[9000],0
1732127770.864805,"[-1443, -1443]",[9000],0
1732127770.864805,"[-1443, -1443]",[9000],0
1732127770.8732052,"[-1443, -1443]",[9000],0
1732127770.8732052,"[-1443, -1443]",[9000],0
1732127770.8812158,"[-1443, -1443]",[9000],0
1732127770.8812158,"[-1443, -1443]",[9000],0
1732127770.8892055,"[-1443, -1443]",[9000],0
1732127770.8892055,"[-1443, -1443]",[9000],0
1732127770.8972046,"[-1443, -1443]",[9000],0
1732127770.9055238,"[-1443, -1443]",[9000],0
1732127770.9055238,"[-1443, -1443]",[9000],0
1732127770.9135377,"[-1443, -1443]",[9000],0
1732127770.9135377,"[-1443, -1443]",[9000],0
1732127770.9219928,"[-1443, -1443]",[9000],0
1732127770.9219928,"[-1443, -1443]",[9000],0
1732127770.9307833,"[-1443, -1443]",[9000],0
1732127770.9307833,"[-1443, -1443]",[9000],0
1732127770.9382925,"[-1443, -1443]",[9000],0
1732127770.9382925,"[-1443, -1443]",[9000],0
1732127770.9474175,"[-1443, -1443]",[9000],0
1732127770.9474175,"[-1443, -1443]",[9000],0
1732127770.9548075,"[-1443, -1443]",[9000],0
1732127770.9548075,"[-1443, -1443]",[9000],0
1732127770.9629745,"[-1443, -1443]",[9000],0
1732127770.9629745,"[-1443, -1443]",[9000],0
1732127770.971022,"[-1443, -1443]",[9000],0
1732127770.971022,"[-1443, -1443]",[9000],0
1732127770.9797027,"[-1443, -1443]",[9000],0
1732127770.987217,"[-1443, -1443]",[9000],0
1732127770.987217,"[-1443, -1443]",[9000],0
1732127770.9962592,"[-1443, -1443]",[9000],0
1732127771.0043113,"[-1443, -1443]",[9000],0
1732127771.0058227,"[-1443, -1443]",[9000],0
1732127771.012326,"[-1443, -1443]",[9000],0
1732127771.0205617,"[-1443, -1443]",[9000],0
1732127771.0218902,"[-1443, -1443]",[9000],0
1732127771.0303116,"[-1443, -1443]",[9000],0
1732127771.0303116,"[-1443, -1443]",[9000],0
1732127771.0373669,"[-1443, -1443]",[9000],0
1732127771.0453777,"[-1443, -1443]",[9000],0
1732127771.0453777,"[-1443, -1443]",[9000],0
1732127771.053372,"[-1443, -1443]",[9000],0
1732127771.053372,"[-1443, -1443]",[9000],0
1732127771.0624163,"[-1443, -1443]",[9000],0
1732127771.0694687,"[-1443, -1443]",[9000],0
1732127771.0694687,"[-1443, -1443]",[9000],0
1732127771.0774755,"[-1443, -1443]",[9000],0
1732127771.0787053,"[-1443, -1443]",[9000],0
1732127771.0857873,"[-1443, -1443]",[9000],0
1732127771.0859635,"[-1443, -1443]",[9000],0
1732127771.0939608,"[-1443, -1443]",[9000],0
1732127771.0959923,"[-1443, -1443]",[9000],0
1732127771.6164298,"[-1443, -1443]",[9000],0
1732127772.1340141,"[-1443, -1443]",[9000],0
1732127772.1423519,"[-1443, -1443]",[-9000],0
1732127772.1423519,"[-1443, -1443]",[-9000],0
1732127772.1540515,"[-1443, -1443]",[-9000],0
1732127772.1540515,"[-1443, -1443]",[-9000],0
1732127772.162693,"[-1443, -1442]",[-9000],0
1732127772.1633058,"[-1443, -1443]",[-9000],0
1732127772.1682415,"[-1443, -1443]",[-9000],0
1732127772.1682415,"[-1443, -1443]",[-9000],0
1732127772.175751,"[-1443, -1442]",[-9000],0
1732127772.175751,"[-1443, -1443]",[-9000],0
1732127772.184065,"[-1443, -1443]",[-9000],0
1732127772.184065,"[-1443, -1443]",[-9000],0
1732127772.1931014,"[-1443, -1443]",[-9000],0
1732127772.1931014,"[-1443, -1443]",[-9000],0
1732127772.2003062,"[-1444, -1443]",[-9000],0
1732127772.2003062,"[-1443, -1443]",[-9000],0
1732127772.2083375,"[-1443, -1443]",[-9000],0
1732127772.2083375,"[-1443, -1443]",[-9000],0
1732127772.2174652,"[-1443, -1443]",[-9000],0
1732127772.2174652,"[-1443, -1443]",[-9000],0
1732127772.2244742,"[-1443, -1443]",[-9000],0
1732127772.2244742,"[-1443, -1443]",[-9000],0
1732127772.2324848,"[-1443, -1443]",[-9000],0
1732127772.2324848,"[-1443, -1443]",[-9000],0
1732127772.2409334,"[-1443, -1443]",[-9000],0
1732127772.2490115,"[-1443, -1443]",[-9000],0
1732127772.2490115,"[-1443, -1443]",[-9000],0
1732127772.2571056,"[-1443, -1443]",[-9000],0
1732127772.2580266,"[-1443, -1443]",[-9000],0
1732127772.2655587,"[-1443, -1443]",[-9000],0
1732127772.2655587,"[-1443, -1443]",[-9000],0
1732127772.2736523,"[-1443, -1443]",[-9000],0
1732127772.275731,"[-1443, -1443]",[-9000],0
1732127772.2817433,"[-1443, -1442]",[-9000],0
1732127772.2817433,"[-1443, -1443]",[-9000],0
1732127772.2905345,"[-1443, -1442]",[-9000],0
1732127772.2905345,"[-1443, -1443]",[-9000],0
1732127772.298052,"[-1443, -1443]",[-9000],0
1732127772.298052,"[-1443, -1442]",[-9000],0
1732127772.3065438,"[-1443, -1443]",[-9000],0
1732127772.3067367,"[-1443, -1443]",[-9000],0
1732127772.3145905,"[-1443, -1443]",[-9000],0
1732127772.3145905,"[-1443, -1443]",[-9000],0
1732127772.3145905,"[-1443, -1442]",[-9000],0
1732127772.323545,"[-1443, -1443]",[-9000],0
1732127772.3310606,"[-1443, -1443]",[-9000],0
1732127772.3310606,"[-1443, -1443]",[-9000],0
1732127772.3396993,"[-1443, -1443]",[-9000],0
1732127772.3396993,"[-1443, -1443]",[-9000],0
1732127772.3396993,"[-1443, -1442]",[-9000],0
1732127772.3476999,"[-1443, -1443]",[-9000],0
1732127772.3476999,"[-1443, -1443]",[-9000],0
1732127772.356311,"[-1443, -1443]",[-9000],0
1732127772.3636074,"[-1443, -1443]",[-9000],0
1732127772.3636074,"[-1443, -1443]",[-9000],0
1732127772.3723962,"[-1443, -1443]",[-9000],0
1732127772.3729124,"[-1443, -1443]",[-9000],0
1732127772.3799233,"[-1443, -1443]",[-9000],0
1732127772.3799233,"[-1443, -1443]",[-9000],0
1732127772.3884044,"[-1443, -1443]",[-9000],0
1732127772.3884044,"[-1443, -1443]",[-9000],0
1732127772.3967333,"[-1443, -1443]",[-9000],0
1732127772.3967333,"[-1443, -1443]",[-9000],0
1732127772.405136,"[-1443, -1443]",[-9000],0
1732127772.405136,"[-1443, -1443]",[-9000],0
1732127772.4131384,"[-1443, -1443]",[-9000],0
1732127772.4131384,"[-1443, -1443]",[-9000],0
1732127772.4217663,"[-1443, -1443]",[-9000],0
1732127772.4217663,"[-1443, -1443]",[-9000],0
1732127772.432579,"[-1443, -1443]",[-9000],0
1732127772.4381018,"[-1443, -1443]",[-9000],0
1732127772.4430673,"[-1443, -1443]",[-9000],0
1732127772.4476388,"[-1443, -1443]",[-9000],0
1732127772.4507759,"[-1443, -1443]",[-9000],0
1732127772.4550538,"[-1443, -1443]",[-9000],0
1732127772.4602518,"[-1443, -1443]",[-9000],0
1732127772.4803505,"[-1443, -1443]",[-9000],0
1732127772.4803505,"[-1443, -1443]",[-9000],0
1732127772.4884627,"[-1443, -1443]",[-9000],0
1732127772.4921966,"[-1443, -1443]",[-9000],0
1732127772.4975922,"[-1443, -1442]",[-9000],0
1732127772.4975922,"[-1443, -1443]",[-9000],0
1732127772.505198,"[-1443, -1443]",[-9000],0
1732127772.505198,"[-1443, -1443]",[-9000],0
1732127772.5131993,"[-1443, -1442]",[-9000],0
1732127772.5131993,"[-1443, -1443]",[-9000],0
1732127772.5219839,"[-1443, -1443]",[-9000],0
1732127772.5219839,"[-1443, -1443]",[-9000],0
1732127772.5299854,"[-1443, -1443]",[-9000],0
1732127772.5299854,"[-1443, -1443]",[-9000],0
1732127772.5380282,"[-1443, -1443]",[-9000],0
1732127772.5380282,"[-1443, -1443]",[-9000],0
1732127772.5462067,"[-1443, -1443]",[-9000],0
1732127772.5462067,"[-1443, -1443]",[-9000],0
1732127772.554847,"[-1443, -1443]",[-9000],0
1732127772.554847,"[-1443, -1443]",[-9000],0
1732127772.5638626,"[-1443, -1443]",[-9000],0
1732127772.5638626,"[-1443, -1443]",[-9000],0
1732127772.5735846,"[-1443, -1443]",[-9000],0
1732127772.5735846,"[-1443, -1443]",[-9000],0
1732127772.5794923,"[-1443, -1443]",[-9000],0
1732127772.5794923,"[-1443, -1443]",[-9000],0
1732127772.587583,"[-1443, -1443]",[-9000],0
1732127772.5955832,"[-1443, -1443]",[-9000],0
1732127772.5955832,"[-1443, -1443]",[-9000],0
1732127772.603571,"[-1443, -1443]",[-9000],0
1732127772.6038275,"[-1443, -1443]",[-9000],0
1732127772.6038275,"[-1443, -1443]",[-9000],0
1732127772.6127918,"[-1443, -1443]",[-9000],0
1732127772.620747,"[-1443, -1443]",[-9000],0
1732127772.620747,"[-1443, -1443]",[-9000],0
1732127772.6287513,"[-1444, -1443]",[-9000],0
1732127772.6293886,"[-1443, -1443]",[-9000],0
1732127772.6293886,"[-1443, -1443]",[-9000],0
1732127772.6373293,"[-1443, -1443]",[-9000],0
1732127772.6438372,"[-1443, -1443]",[-9000],0
1732127773.1687996,"[-1443, -1443]",[-9000],0
1732127773.691816,"[-1443, -1443]",[-9000],0
1732127773.7002218,"[-1443, -1443]",[9000],0
1732127773.7082446,"[-1443, -1443]",[9000],0
1732127773.7082446,"[-1443, -1443]",[9000],0
1732127773.7166228,"[-1443, -1443]",[9000],0
1732127773.7166228,"[-1443, -1443]",[9000],0
1732127773.7248282,"[-1443, -1443]",[9000],0
1732127773.7248282,"[-1443, -1442]",[9000],0
1732127773.7330961,"[-1443, -1443]",[9000],0
1732127773.7330961,"[-1443, -1443]",[9000],0
1732127773.7411888,"[-1443, -1443]",[9000],0
1732127773.7411888,"[-1443, -1443]",[9000],0
1732127773.7496338,"[-1443, -1443]",[9000],0
1732127773.7496338,"[-1443, -1442]",[9000],0
1732127773.7576356,"[-1443, -1443]",[9000],0
1732127773.7576356,"[-1443, -1443]",[9000],0
1732127773.7651489,"[-1443, -1443]",[9000],0
1732127773.7651489,"[-1443, -1443]",[9000],0
1732127773.7731776,"[-1443, -1443]",[9000],0
1732127773.7731776,"[-1443, -1443]",[9000],0
1732127773.7814891,"[-1443, -1443]",[9000],0
1732127773.7814891,"[-1443, -1443]",[9000],0
1732127773.7894974,"[-1443, -1443]",[9000],0
1732127773.7906604,"[-1443, -1443]",[9000],0
1732127773.7906604,"[-1443, -1443]",[9000],0
1732127773.7977176,"[-1443, -1443]",[9000],0
1732127773.8057287,"[-1443, -1443]",[9000],0
1732127773.8061495,"[-1443, -1443]",[9000],0
1732127773.8061495,"[-1443, -1443]",[9000],0
1732127773.8141491,"[-1443, -1443]",[9000],0
1732127773.8141491,"[-1443, -1443]",[9000],0
1732127773.8226037,"[-1443, -1443]",[9000],0
1732127773.8226037,"[-1443, -1443]",[9000],0
1732127773.8305502,"[-1443, -1443]",[9000],0
1732127773.838552,"[-1443, -1443]",[9000],0
1732127773.838552,"[-1443, -1443]",[9000],0
1732127773.8465543,"[-1443, -1443]",[9000],0
1732127773.8473017,"[-1443, -1443]",[9000],0
1732127773.8550322,"[-1443, -1443]",[9000],0
1732127773.8550322,"[-1443, -1443]",[9000],0
1732127773.863035,"[-1443, -1443]",[9000],0
1732127773.865049,"[-1443, -1443]",[9000],0
1732127773.8712475,"[-1443, -1443]",[9000],0
1732127773.8712475,"[-1443, -1443]",[9000],0
1732127773.879251,"[-1443, -1443]",[9000],0
1732127773.879251,"[-1443, -1443]",[9000],0
1732127773.887872,"[-1443, -1443]",[9000],0
1732127773.887872,"[-1443, -1443]",[9000],0
1732127773.8953876,"[-1443, -1443]",[9000],0
1732127773.8953876,"[-1443, -1443]",[9000],0
1732127773.9046571,"[-1443, -1443]",[9000],0
1732127773.9046571,"[-1443, -1442]",[9000],0
1732127773.9116838,"[-1443, -1443]",[9000],0
1732127773.9116838,"[-1443, -1443]",[9000],0
1732127773.9204311,"[-1443, -1443]",[9000],0
1732127773.9204311,"[-1443, -1443]",[9000],0
1732127773.9279394,"[-1443, -1443]",[9000],0
1732127773.9279394,"[-1443, -1443]",[9000],0
1732127773.935947,"[-1443, -1443]",[9000],0
1732127773.9389644,"[-1443, -1443]",[9000],0
1732127773.9440036,"[-1443, -1443]",[9000],0
1732127773.9440036,"[-1443, -1443]",[9000],0
1732127773.9520147,"[-1443, -1443]",[9000],0
1732127773.9520147,"[-1443, -1443]",[9000],0
1732127773.9600267,"[-1443, -1443]",[9000],0
1732127773.965039,"[-1443, -1443]",[9000],0
1732127773.96805,"[-1443, -1442]",[9000],0
1732127773.96805,"[-1443, -1443]",[9000],0
1732127773.9763844,"[-1443, -1443]",[9000],0
1732127773.9763844,"[-1443, -1443]",[9000],0
1732127773.9849916,"[-1443, -1443]",[9000],0
1732127773.9849916,"[-1443, -1443]",[9000],0
1732127773.9925022,"[-1443, -1442]",[9000],0
1732127773.9925022,"[-1443, -1443]",[9000],0
1732127774.0012574,"[-1443, -1443]",[9000],0
1732127774.0012574,"[-1443, -1443]",[9000],0
1732127774.0088003,"[-1443, -1443]",[9000],0
1732127774.0088003,"[-1443, -1442]",[9000],0
1732127774.0168061,"[-1443, -1443]",[9000],0
1732127774.0168061,"[-1443, -1443]",[9000],0
1732127774.024808,"[-1443, -1443]",[9000],0
1732127774.0306783,"[-1443, -1443]",[9000],0
1732127774.0329418,"[-1443, -1443]",[9000],0
1732127774.0329418,"[-1443, -1443]",[9000],0
1732127774.0417376,"[-1443, -1442]",[9000],0
1732127774.0417376,"[-1443, -1443]",[9000],0
1732127774.0494983,"[-1443, -1443]",[9000],0
1732127774.0494983,"[-1443, -1442]",[9000],0
1732127774.0582423,"[-1443, -1443]",[9000],0
1732127774.0582423,"[-1443, -1443]",[9000],0
1732127774.065909,"[-1443, -1443]",[9000],0
1732127774.065909,"[-1443, -1443]",[9000],0
1732127774.0734928,"[-1443, -1442]",[9000],0
1732127774.0734928,"[-1443, -1442]",[9000],0
1732127774.082241,"[-1443, -1443]",[9000],0
1732127774.082241,"[-1443, -1443]",[9000],0
1732127774.090024,"[-1443, -1443]",[9000],0
1732127774.090024,"[-1443, -1443]",[9000],0
1732127774.0985289,"[-1443, -1443]",[9000],0
1732127774.0985289,"[-1443, -1443]",[9000],0
1732127774.1066973,"[-1443, -1443]",[9000],0
1732127774.1066973,"[-1443, -1443]",[9000],0
1732127774.1152833,"[-1443, -1443]",[9000],0
1732127774.1152833,"[-1443, -1443]",[9000],0
1732127774.123282,"[-1443, -1443]",[9000],0
1732127774.123282,"[-1443, -1443]",[9000],0
1732127774.1314719,"[-1443, -1443]",[9000],0
1732127774.1314719,"[-1443, -1443]",[9000],0
1732127774.1314719,"[-1443, -1443]",[9000],0
1732127774.13985,"[-1443, -1443]",[9000],0
1732127774.13985,"[-1443, -1443]",[9000],0
1732127774.1479936,"[-1443, -1443]",[9000],0
1732127774.1479936,"[-1443, -1443]",[9000],0
1732127774.1561768,"[-1443, -1443]",[9000],0
1732127774.1561768,"[-1443, -1443]",[9000],0
1732127774.165736,"[-1443, -1443]",[9000],0
1732127774.1722543,"[-1443, -1443]",[9000],0
1732127774.1754436,"[-1443, -1443]",[9000],0
1732127774.1804829,"[-1443, -1443]",[9000],0
1732127774.1804829,"[-1443, -1442]",[9000],0
1732127774.1887975,"[-1443, -1443]",[9000],0
1732127774.1887975,"[-1443, -1443]",[9000],0
1732127774.1971035,"[-1443, -1443]",[9000],0
1732127774.2008152,"[-1443, -1443]",[9000],0
1732127774.7283258,"[-1443, -1443]",[9000],0
1732127775.2550244,"[-1443, -1443]",[9000],0
1732127775.2625353,"[-1443, -1443]",[-9000],0
1732127775.2666204,"[-1443, -1443]",[-9000],0
1732127775.2711504,"[-1443, -1443]",[-9000],0
1732127775.2786827,"[-1443, -1443]",[-9000],0
1732127775.2786827,"[-1443, -1443]",[-9000],0
1732127775.28673,"[-1443, -1443]",[-9000],0
1732127775.28673,"[-1443, -1443]",[-9000],0
1732127775.2953696,"[-1443, -1443]",[-9000],0
1732127775.2953696,"[-1443, -1442]",[-9000],0
1732127775.3037152,"[-1443, -1443]",[-9000],0
1732127775.3037152,"[-1443, -1443]",[-9000],0
1732127775.3117168,"[-1443, -1443]",[-9000],0
1732127775.3117168,"[-1443, -1443]",[-9000],0
1732127775.3233275,"[-1443, -1443]",[-9000],0
1732127775.32841,"[-1443, -1443]",[-9000],0
1732127775.32841,"[-1443, -1443]",[-9000],0
1732127775.3365386,"[-1443, -1443]",[-9000],0
1732127775.3367777,"[-1443, -1443]",[-9000],0
1732127775.3447807,"[-1443, -1443]",[-9000],0
1732127775.3447807,"[-1443, -1443]",[-9000],0
1732127775.3536031,"[-1443, -1443]",[-9000],0
1732127775.3536031,"[-1443, -1443]",[-9000],0
1732127775.3612192,"[-1443, -1443]",[-9000],0
1732127775.3612192,"[-1443, -1443]",[-9000],0
1732127775.3696325,"[-1443, -1443]",[-9000],0
1732127775.3698046,"[-1443, -1443]",[-9000],0
1732127775.3785398,"[-1443, -1443]",[-9000],0
1732127775.3785398,"[-1443, -1443]",[-9000],0
1732127775.3866866,"[-1443, -1443]",[-9000],0
1732127775.3866866,"[-1443, -1443]",[-9000],0
1732127775.3942704,"[-1443, -1443]",[-9000],0
1732127775.3942704,"[-1443, -1443]",[-9000],0
1732127775.402561,"[-1443, -1443]",[-9000],0
1732127775.402827,"[-1443, -1443]",[-9000],0
1732127775.402827,"[-1443, -1443]",[-9000],0
1732127775.4108272,"[-1443, -1443]",[-9000],0
1732127775.4108272,"[-1443, -1442]",[-9000],0
1732127775.4193757,"[-1443, -1443]",[-9000],0
1732127775.4193757,"[-1443, -1443]",[-9000],0
1732127775.4287438,"[-1443, -1443]",[-9000],0
1732127775.4287438,"[-1443, -1443]",[-9000],0
1732127775.4362977,"[-1443, -1443]",[-9000],0
1732127775.4362977,"[-1443, -1443]",[-9000],0
1732127775.4451346,"[-1443, -1443]",[-9000],0
1732127775.4451346,"[-1443, -1443]",[-9000],0
1732127775.4533,"[-1443, -1443]",[-9000],0
1732127775.4533,"[-1443, -1442]",[-9000],0
1732127775.4620345,"[-1443, -1443]",[-9000],0
1732127775.4620345,"[-1443, -1443]",[-9000],0
1732127775.4695675,"[-1443, -1443]",[-9000],0
1732127775.4695675,"[-1443, -1443]",[-9000],0
1732127775.4771516,"[-1443, -1443]",[-9000],0
1732127775.4771516,"[-1443, -1443]",[-9000],0
1732127775.486311,"[-1443, -1443]",[-9000],0
1732127775.486311,"[-1443, -1443]",[-9000],0
1732127775.4933195,"[-1443, -1443]",[-9000],0
1732127775.4933195,"[-1443, -1443]",[-9000],0
1732127775.5017295,"[-1443, -1443]",[-9000],0
1732127775.5017295,"[-1443, -1443]",[-9000],0
1732127775.5097365,"[-1443, -1443]",[-9000],0
1732127775.5097365,"[-1443, -1443]",[-9000],0
1732127775.5178106,"[-1443, -1443]",[-9000],0
1732127775.5178106,"[-1443, -1443]",[-9000],0
1732127775.5257373,"[-1443, -1443]",[-9000],0
1732127775.5257373,"[-1443, -1443]",[-9000],0
1732127775.5342581,"[-1443, -1443]",[-9000],0
1732127775.5342581,"[-1443, -1443]",[-9000],0
1732127775.5422595,"[-1443, -1443]",[-9000],0
1732127775.5422595,"[-1443, -1443]",[-9000],0
1732127775.5505297,"[-1443, -1443]",[-9000],0
1732127775.5505297,"[-1443, -1443]",[-9000],0
1732127775.5586352,"[-1443, -1443]",[-9000],0
1732127775.5586352,"[-1443, -1443]",[-9000],0
1732127775.5675333,"[-1443, -1443]",[-9000],0
1732127775.5675333,"[-1443, -1443]",[-9000],0
1732127775.5756075,"[-1443, -1443]",[-9000],0
1732127775.5756075,"[-1443, -1443]",[-9000],0
1732127775.5840375,"[-1443, -1443]",[-9000],0
1732127775.5840375,"[-1444, -1443]",[-9000],0
1732127775.5920377,"[-1443, -1443]",[-9000],0
1732127775.5920377,"[-1443, -1443]",[-9000],0
1732127775.6006925,"[-1443, -1443]",[-9000],0
1732127775.6006925,"[-1443, -1443]",[-9000],0
1732127775.6082692,"[-1443, -1443]",[-9000],0
1732127775.6166644,"[-1443, -1443]",[-9000],0
1732127775.6166644,"[-1443, -1443]",[-9000],0
1732127775.6247418,"[-1443, -1443]",[-9000],0
1732127775.6247418,"[-1443, -1443]",[-9000],0
1732127775.6327436,"[-1443, -1443]",[-9000],0
1732127775.6327436,"[-1443, -1442]",[-9000],0
1732127775.6406639,"[-1443, -1443]",[-9000],0
1732127775.6406639,"[-1443, -1443]",[-9000],0
1732127775.6495082,"[-1443, -1443]",[-9000],0
1732127775.6535187,"[-1443, -1443]",[-9000],0
1732127775.6571012,"[-1443, -1443]",[-9000],0
1732127775.6571012,"[-1443, -1443]",[-9000],0
1732127775.6674788,"[-1443, -1443]",[-9000],0
1732127775.6674788,"[-1443, -1443]",[-9000],0
1732127775.675515,"[-1443, -1443]",[-9000],0
1732127775.6816294,"[-1443, -1443]",[-9000],0
1732127775.6838117,"[-1443, -1443]",[-9000],0
1732127775.6897283,"[-1443, -1443]",[-9000],0
1732127775.6909513,"[-1443, -1443]",[-9000],0
1732127775.6971824,"[-1443, -1443]",[-9000],0
1732127775.699244,"[-1443, -1443]",[-9000],0
1732127775.7067645,"[-1443, -1443]",[-9000],0
1732127775.7078574,"[-1443, -1443]",[-9000],0
1732127775.7148666,"[-1443, -1443]",[-9000],0
1732127775.7162678,"[-1443, -1443]",[-9000],0
1732127775.7233796,"[-1443, -1443]",[-9000],0
1732127775.7271478,"[-1443, -1443]",[-9000],0
1732127775.7316616,"[-1443, -1443]",[-9000],0
1732127775.7358434,"[-1443, -1443]",[-9000],0
1732127775.7390373,"[-1443, -1443]",[-9000],0
1732127775.7432108,"[-1443, -1443]",[-9000],0
1732127775.747453,"[-1443, -1443]",[-9000],0
1732127775.750808,"[-1443, -1443]",[-9000],0
1732127775.7551715,"[-1443, -1443]",[-9000],0
1732127775.759293,"[-1443, -1443]",[-9000],0
1732127775.7633643,"[-1443, -1442]",[-9000],0
1732127776.2822263,"[-1443, -1443]",[-9000],0
1732127776.8027258,"[-1443, -1443]",[-9000],0
1732127776.810728,"[-1443, -1443]",[9000],0
1732127776.8198628,"[-1443, -1443]",[9000],0
1732127776.8198628,"[-1443, -1443]",[9000],0
1732127776.8268795,"[-1443, -1443]",[9000],0
1732127776.8268795,"[-1443, -1443]",[9000],0
1732127776.8362675,"[-1443, -1443]",[9000],0
1732127776.8362675,"[-1443, -1443]",[9000],0
1732127776.8432972,"[-1443, -1443]",[9000],0
1732127776.8513155,"[-1443, -1443]",[9000],0
1732127776.8524234,"[-1443, -1443]",[9000],0
1732127776.8603222,"[-1443, -1443]",[9000],0
1732127776.8603222,"[-1443, -1443]",[9000],0
1732127776.870025,"[-1443, -1443]",[9000],0
1732127776.876043,"[-1443, -1443]",[9000],0
1732127776.876043,"[-1443, -1443]",[9000],0
1732127776.8846457,"[-1443, -1443]",[9000],0
1732127776.892814,"[-1443, -1443]",[9000],0
1732127776.892814,"[-1443, -1443]",[9000],0
1732127776.9026976,"[-1443, -1443]",[9000],0
1732127776.9026976,"[-1443, -1443]",[9000],0
1732127776.9106874,"[-1443, -1443]",[9000],0
1732127776.9106874,"[-1443, -1443]",[9000],0
1732127776.9183185,"[-1443, -1443]",[9000],0
1732127776.9183185,"[-1443, -1443]",[9000],0
1732127776.9272683,"[-1443, -1442]",[9000],0
1732127776.9272683,"[-1443, -1443]",[9000],0
1732127776.9361413,"[-1443, -1443]",[9000],0
1732127776.9431498,"[-1443, -1443]",[9000],0
1732127776.943897,"[-1443, -1443]",[9000],0
1732127776.9520981,"[-1443, -1443]",[9000],0
1732127776.9520981,"[-1443, -1443]",[9000],0
1732127776.9602623,"[-1443, -1443]",[9000],0
1732127776.9602623,"[-1443, -1443]",[9000],0
1732127776.9703856,"[-1443, -1442]",[9000],0
1732127776.9703856,"[-1443, -1443]",[9000],0
1732127776.975967,"[-1443, -1442]",[9000],0
1732127776.975967,"[-1443, -1443]",[9000],0
1732127776.9845514,"[-1443, -1443]",[9000],0
1732127776.9920628,"[-1443, -1443]",[9000],0
1732127776.9920628,"[-1443, -1443]",[9000],0
1732127777.0016718,"[-1443, -1442]",[9000],0
1732127777.0016718,"[-1443, -1443]",[9000],0
1732127777.0094435,"[-1443, -1443]",[9000],0
1732127777.0101354,"[-1443, -1443]",[9000],0
1732127777.0176864,"[-1443, -1443]",[9000],0
1732127777.0176864,"[-1443, -1443]",[9000],0
1732127777.0256996,"[-1443, -1443]",[9000],0
1732127777.0256996,"[-1443, -1443]",[9000],0
1732127777.0342836,"[-1443, -1443]",[9000],0
1732127777.0342836,"[-1443, -1443]",[9000],0
1732127777.0422888,"[-1443, -1443]",[9000],0
1732127777.0430148,"[-1443, -1443]",[9000],0
1732127777.0506465,"[-1443, -1443]",[9000],0
1732127777.0511863,"[-1443, -1443]",[9000],0
1732127777.0511863,"[-1443, -1443]",[9000],0
1732127777.058692,"[-1443, -1443]",[9000],0
1732127777.058692,"[-1443, -1443]",[9000],0
1732127777.0705636,"[-1443, -1443]",[9000],0
1732127777.075169,"[-1443, -1443]",[9000],0
1732127777.075169,"[-1443, -1442]",[9000],0
1732127777.0832884,"[-1443, -1443]",[9000],0
1732127777.083915,"[-1443, -1443]",[9000],0
1732127777.0915008,"[-1443, -1443]",[9000],0
1732127777.0915008,"[-1443, -1443]",[9000],0
1732127777.099776,"[-1443, -1443]",[9000],0
1732127777.099776,"[-1443, -1443]",[9000],0
1732127777.1084464,"[-1443, -1443]",[9000],0
1732127777.1084464,"[-1443, -1443]",[9000],0
1732127777.1161838,"[-1443, -1443]",[9000],0
1732127777.1161838,"[-1443, -1443]",[9000],0
1732127777.124188,"[-1443, -1443]",[9000],0
1732127777.124188,"[-1443, -1443]",[9000],0
1732127777.1322956,"[-1443, -1443]",[9000],0
1732127777.1322956,"[-1443, -1443]",[9000],0
1732127777.140523,"[-1443, -1443]",[9000],0
1732127777.140523,"[-1443, -1443]",[9000],0
1732127777.1449285,"[-1443, -1443]",[9000],0
1732127777.149156,"[-1443, -1443]",[9000],0
1732127777.1538193,"[-1443, -1443]",[9000],0
1732127777.157326,"[-1443, -1443]",[9000],0
1732127777.157326,"[-1443, -1443]",[9000],0
1732127777.1653304,"[-1443, -1443]",[9000],0
1732127777.1742587,"[-1443, -1443]",[9000],0
1732127777.1794586,"[-1443, -1443]",[9000],0
1732127777.1816874,"[-1443, -1443]",[9000],0
1732127777.1816874,"[-1443, -1443]",[9000],0
1732127777.189901,"[-1443, -1443]",[9000],0
1732127777.189901,"[-1443, -1442]",[9000],0
1732127777.1983232,"[-1443, -1443]",[9000],0
1732127777.2038686,"[-1443, -1443]",[9000],0
1732127777.2070365,"[-1443, -1443]",[9000],0
1732127777.2114723,"[-1443, -1443]",[9000],0
1732127777.215027,"[-1443, -1443]",[9000],0
1732127777.215027,"[-1443, -1443]",[9000],0
1732127777.2243245,"[-1443, -1443]",[9000],0
1732127777.2282062,"[-1443, -1443]",[9000],0
1732127777.231747,"[-1443, -1443]",[9000],0
1732127777.231747,"[-1443, -1443]",[9000],0
1732127777.239254,"[-1443, -1443]",[9000],0
1732127777.239254,"[-1443, -1443]",[9000],0
1732127777.248703,"[-1443, -1443]",[9000],0
1732127777.248703,"[-1443, -1443]",[9000],0
1732127777.2555485,"[-1443, -1443]",[9000],0
1732127777.2555485,"[-1443, -1443]",[9000],0
1732127777.2635624,"[-1443, -1443]",[9000],0
1732127777.2635624,"[-1443, -1443]",[9000],0
1732127777.2720685,"[-1443, -1443]",[9000],0
1732127777.2720685,"[-1443, -1443]",[9000],0
1732127777.2806163,"[-1443, -1443]",[9000],0
1732127777.2814138,"[-1443, -1443]",[9000],0
1732127777.287137,"[-1443, -1443]",[9000],0
1732127777.2886863,"[-1443, -1443]",[9000],0
1732127777.2965224,"[-1443, -1443]",[9000],0
1732127777.2965224,"[-1443, -1443]",[9000],0
1732127777.3047945,"[-1443, -1442]",[9000],0
1732127777.3047945,"[-1443, -1443]",[9000],0
1732127777.3134346,"[-1443, -1443]",[9000],0
1732127777.829874,"[-1443, -1443]",[9000],0
1732127778.3412108,"[-1443, -1443]",[9000],0
1732127778.3501482,"[-1443, -1443]",[-9000],0
1732127778.3581507,"[-1443, -1443]",[-9000],0
1732127778.3581507,"[-1443, -1443]",[-9000],0
1732127778.366233,"[-1443, -1443]",[-9000],0
1732127778.3717427,"[-1443, -1443]",[-9000],0
1732127778.3749545,"[-1443, -1443]",[-9000],0
1732127778.3749545,"[-1443, -1443]",[-9000],0
1732127778.3824136,"[-1443, -1443]",[-9000],0
1732127778.3906884,"[-1443, -1443]",[-9000],0
1732127778.3906884,"[-1443, -1442]",[-9000],0
1732127778.4002178,"[-1443, -1443]",[-9000],0
1732127778.4002178,"[-1443, -1443]",[-9000],0
1732127778.4071167,"[-1443, -1443]",[-9000],0
1732127778.4152248,"[-1443, -1443]",[-9000],0
1732127778.4152248,"[-1443, -1443]",[-9000],0
1732127778.4232545,"[-1443, -1443]",[-9000],0
1732127778.4232545,"[-1443, -1443]",[-9000],0
1732127778.4320726,"[-1443, -1443]",[-9000],0
1732127778.4320726,"[-1443, -1443]",[-9000],0
1732127778.4400828,"[-1443, -1443]",[-9000],0
1732127778.4400828,"[-1443, -1443]",[-9000],0
1732127778.4483738,"[-1443, -1443]",[-9000],0
1732127778.4483738,"[-1443, -1443]",[-9000],0
1732127778.4566867,"[-1443, -1443]",[-9000],0
1732127778.4566867,"[-1443, -1443]",[-9000],0
1732127778.4654355,"[-1443, -1443]",[-9000],0
1732127778.4654355,"[-1443, -1443]",[-9000],0
1732127778.4729562,"[-1443, -1443]",[-9000],0
1732127778.4729562,"[-1443, -1443]",[-9000],0
1732127778.481733,"[-1443, -1443]",[-9000],0
1732127778.481733,"[-1443, -1443]",[-9000],0
1732127778.4892435,"[-1443, -1443]",[-9000],0
1732127778.4892435,"[-1443, -1443]",[-9000],0
1732127778.498492,"[-1443, -1443]",[-9000],0
1732127778.5055084,"[-1443, -1443]",[-9000],0
1732127778.5055084,"[-1443, -1443]",[-9000],0
1732127778.5137782,"[-1443, -1443]",[-9000],0
1732127778.5139592,"[-1443, -1443]",[-9000],0
1732127778.521959,"[-1443, -1443]",[-9000],0
1732127778.521959,"[-1443, -1443]",[-9000],0
1732127778.5302074,"[-1443, -1443]",[-9000],0
1732127778.5302074,"[-1443, -1443]",[-9000],0
1732127778.53837,"[-1443, -1443]",[-9000],0
1732127778.5464368,"[-1443, -1443]",[-9000],0
1732127778.5477204,"[-1443, -1443]",[-9000],0
1732127778.5545926,"[-1443, -1443]",[-9000],0
1732127778.5545926,"[-1443, -1443]",[-9000],0
1732127778.5626256,"[-1443, -1443]",[-9000],0
1732127778.5626256,"[-1443, -1443]",[-9000],0
1732127778.5721037,"[-1443, -1443]",[-9000],0
1732127778.579122,"[-1443, -1443]",[-9000],0
1732127778.579122,"[-1443, -1443]",[-9000],0
1732127778.5872595,"[-1443, -1443]",[-9000],0
1732127778.5872595,"[-1443, -1443]",[-9000],0
1732127778.5955374,"[-1443, -1443]",[-9000],0
1732127778.5955374,"[-1443, -1443]",[-9000],0
1732127778.6047325,"[-1443, -1443]",[-9000],0
1732127778.6047325,"[-1443, -1443]",[-9000],0
1732127778.612242,"[-1443, -1443]",[-9000],0
1732127778.612242,"[-1443, -1443]",[-9000],0
1732127778.6207159,"[-1443, -1443]",[-9000],0
1732127778.6207159,"[-1443, -1443]",[-9000],0
1732127778.6290824,"[-1443, -1443]",[-9000],0
1732127778.6290824,"[-1443, -1443]",[-9000],0
1732127778.63732,"[-1443, -1443]",[-9000],0
1732127778.63732,"[-1443, -1443]",[-9000],0
1732127778.6460743,"[-1443, -1443]",[-9000],0
1732127778.6460743,"[-1443, -1443]",[-9000],0
1732127778.6546865,"[-1443, -1443]",[-9000],0
1732127778.6546865,"[-1443, -1442]",[-9000],0
1732127778.6624796,"[-1443, -1443]",[-9000],0
1732127778.6624796,"[-1443, -1443]",[-9000],0
1732127778.67199,"[-1443, -1442]",[-9000],0
1732127778.67199,"[-1443, -1443]",[-9000],0
1732127778.6785464,"[-1443, -1443]",[-9000],0
1732127778.6785464,"[-1443, -1443]",[-9000],0
1732127778.6866963,"[-1443, -1443]",[-9000],0
1732127778.6866963,"[-1443, -1443]",[-9000],0
1732127778.696758,"[-1443, -1443]",[-9000],0
1732127778.6969845,"[-1443, -1443]",[-9000],0
1732127778.7035174,"[-1443, -1443]",[-9000],0
1732127778.7035174,"[-1443, -1443]",[-9000],0
1732127778.7118819,"[-1443, -1443]",[-9000],0
1732127778.7118819,"[-1443, -1443]",[-9000],0
1732127778.7198827,"[-1443, -1443]",[-9000],0
1732127778.7198827,"[-1443, -1443]",[-9000],0
1732127778.7312157,"[-1443, -1443]",[-9000],0
1732127778.7663968,"[-1443, -1443]",[-9000],0
1732127778.772273,"[-1443, -1443]",[-9000],0
1732127778.772273,"[-1443, -1443]",[-9000],0
1732127778.778055,"[-1443, -1443]",[-9000],0
1732127778.778055,"[-1443, -1443]",[-9000],0
1732127778.7855625,"[-1443, -1443]",[-9000],0
1732127778.7855625,"[-1443, -1443]",[-9000],0
1732127778.7935698,"[-1443, -1443]",[-9000],0
1732127778.8015826,"[-1443, -1443]",[-9000],0
1732127778.8026865,"[-1443, -1443]",[-9000],0
1732127778.8097045,"[-1443, -1443]",[-9000],0
1732127778.8106203,"[-1443, -1443]",[-9000],0
1732127778.8106203,"[-1443, -1443]",[-9000],0
1732127778.818128,"[-1443, -1443]",[-9000],0
1732127778.8261507,"[-1443, -1443]",[-9000],0
1732127778.8268523,"[-1443, -1442]",[-9000],0
1732127778.8346186,"[-1443, -1443]",[-9000],0
1732127778.8346186,"[-1443, -1443]",[-9000],0
1732127778.8426192,"[-1443, -1443]",[-9000],0
1732127778.8426192,"[-1443, -1443]",[-9000],0
1732127778.85105,"[-1443, -1443]",[-9000],0
